"deviceVendor","deviceProduct","deviceHostName","deviceAddress","_count"
"Fortinet","Fortigate","OBT-DcFw3","","792425"
"Palo Alto Networks","PAN-OS","DC-INT-FW2","","637923"
"Fortinet","Fortigate","OBT-DR-DcFw","","374771"
"Palo Alto Networks","PAN-OS","DRC-INT-FW1","","163081"
"Fortinet","Fortigate","OBT-DR-DcFw","10.224.147.1","39327"
"Microsoft","Microsoft Windows","OBTVM-DC2.odeabank.com.tr","10.224.3.17","15726"
"Forcepoint","Security","","10.224.105.41","12811"
"Microsoft","Microsoft Windows","OBT-DC1.odeabank.com.tr","10.224.3.16","12276"
"Forcepoint","Security","","10.224.105.43","12132"
"Fortinet","FortiGate-300C","FG300C3913600183","","10885"
"Fortinet","Fortigate","FG300C3913600183","","10500"
"F5","ASM","OBT-F5-Int3.odeabank.com.tr","10.224.5.51","10446"
"Forcepoint","Security","","10.224.105.42","7906"
"Microsoft","Microsoft Windows","OBTVM-DC1.odeabank.com.tr","10.224.3.71","7511"
"Unix","auditd","exa1dbadm01","","5676"
"F5","ASM","OBT-F5-Ext1.odeabank.com.tr","10.224.12.202","5647"
"Fortinet","FortiGate-1000C","OLIVE-ODB-FW1","","1980"
"Fortinet","FortiWiFi-60CX-ADSL-A","NETSEC-60CX-FW","","1519"
"Pulse Secure","Pulse Connect Secure","OBT-Pulse1","","988"
"Fortinet","Fortigate","FW-3P-HA1","","903"
"Fortinet","FortiGate-300C","FW-3P-HA1","","840"
"ArcSight","Logger","","127.0.0.1","225"
"Forcepoint","Email Security","v10k1-esg","10.224.17.15","188"
"Forcepoint","Email Security","v10k2-esg","10.224.17.16","171"
"ArcSight","Logger","","10.224.104.21","85"
"Palo Alto Networks","PAN-OS","Panorama","","51"
"Fortinet","FortiGate-300C","FW-3P-HA2","","11"

"CISCO","CiscoRouter","","10.225.30.250","10"
"CISCO","CiscoRouter","","10.225.9.250","10"

"Unix","Unix","obtvm-grdagg1","","10"

"F5","ASM","DRC-INT-F5.odeabank.com.tr","10.224.131.11","9"
"Infoblox","NIOS Threat","drdmzns03.odeabank.com.tr","10.224.163.51","8"
"Microsoft","Microsoft Windows","CW9019-0093.odeabank.com.tr","10.225.237.46","8"
"Microsoft","Microsoft Windows","DSBA2230-02.odeabank.com.tr","10.225.35.90","8"
"Microsoft","Microsoft Windows","DSDS1020-01.odeabank.com.tr","10.225.36.236","8"
"Microsoft","Microsoft Windows","DSTE2050-01.odeabank.com.tr","10.225.9.225","8"
"Microsoft","Microsoft Windows","DSVD1010-01.odeabank.com.tr","10.225.1.228","8"
"Microsoft","Microsoft Windows","DSVP2180-01.odeabank.com.tr","10.225.33.101","8"
"Microsoft","Microsoft Windows","DSVP2220-01.odeabank.com.tr","10.225.34.226","8"
"Microsoft","Microsoft Windows","DSZD2020-01.odeabank.com.tr","10.225.8.225","8"
"Microsoft","Microsoft Windows","Floorpc-3501.odeabank.com.tr","10.225.184.23","8"
"Microsoft","Microsoft Windows","L199-MR3603.odeabank.com.tr","10.225.208.251","8"
"Microsoft","Microsoft Windows","L199-MR36XL.odeabank.com.tr","10.225.208.113","8"
"Microsoft","Microsoft Windows","NW-5CG7070MY2.odeabank.com.tr","10.225.225.78","8"
"Microsoft","Microsoft Windows","OBTVM-DRIBSA1.odeabank.com.tr","10.224.140.155","8"
"Microsoft","Microsoft Windows","OBTVM-DRSTN1.odeabank.com.tr","10.224.156.41","8"
"Microsoft","Microsoft Windows","OBTVM-TSTIBMM1.odeabank.com.tr","10.224.115.165","8"
"Microsoft","Microsoft Windows","OBTVM-TSTPPMDB1.odeabank.com.tr","10.224.108.180","8"
"Microsoft","Microsoft Windows","OBTVM-TSTQMU1.odeabank.com.tr","10.224.115.116","8"
"Microsoft","Microsoft Windows","OBTVM-TSTW02.odeabank.com.tr","10.224.115.133","8"
"Microsoft","Microsoft Windows","PW1190-0009.odeabank.com.tr","10.225.27.127","8"
"Microsoft","Microsoft Windows","PW9019-0044.odeabank.com.tr","10.225.207.163","8"
"Microsoft","Microsoft Windows","PW9019-0114.odeabank.com.tr","10.225.208.152","8"
"Microsoft","Microsoft Windows","PW9019-0151.odeabank.com.tr","10.225.208.151","8"
"Microsoft","Microsoft Windows","PW9019-0259.odeabank.com.tr","10.225.207.59","8"
"Microsoft","Microsoft Windows PowerShell","PW1170-0006.odeabank.com.tr","10.225.66.104","8"
"Microsoft","Microsoft Windows WindowsUpdateClient","PHZ-0006.odeabank.com.tr","10.225.209.161","8"
"Microsoft","System or Application Event","OBT-QV15.odeabank.com.tr","10.224.15.112","8"
"Microsoft","System or Application Event","OBTVM-DRHNTS2.odeabank.com.tr","10.224.140.42","8"
"Microsoft","System or Application Event","OBTVM-DRIXUI02.odeabank.com.tr","10.224.145.33","8"
"Microsoft","System or Application Event","OBTVM-DRIXUI04.odeabank.com.tr","10.224.145.35","8"
"Microsoft","System or Application Event","OBTVM-DRVASCO1.odeabank.com.tr","10.224.155.51","8"
"Microsoft","System or Application Event","OBTVM-STN1.odeabank.com.tr","10.224.114.41","8"
"Microsoft","System or Application Event","PC9019-0701.odeabank.com.tr","10.225.201.115","8"
"Microsoft","System or Application Event","PW1020-0005.odeabank.com.tr","10.225.2.94","8"
"Microsoft","System or Application Event","PW1240-0004.odeabank.com.tr","10.225.45.59","8"
"Microsoft","System or Application Event","PW2200-0011.odeabank.com.tr","10.225.32.70","8"
"Microsoft","System or Application Event","PW9019-0248.odeabank.com.tr","10.225.201.28","8"
"Microsoft","System or Application Event","PW9019-0313.odeabank.com.tr","10.225.208.154","8"
"Microsoft","System or Application Event","PW9019-0576.odeabank.com.tr","10.225.190.87","8"
"Microsoft","System or Application Event","PW9019-1905.odeabank.com.tr","10.225.225.92","8"
"Unix","Unix","obtvm-grdcoll5","10.224.104.38","8"
"CISCO","CiscoRouter","","10.225.29.3","7"
"HPE","Aruba Mobility Controller","","10.225.180.43","7"
"Microsoft","Microsoft Windows","L199-MRBOARDMAC.odeabank.com.tr","10.225.177.99","7"
"Microsoft","Microsoft Windows","NW-5CG43831B4.odeabank.com.tr","10.225.34.108","7"
"Microsoft","Microsoft Windows","OBTVM-TSTHNTS1.odeabank.com.tr","10.224.59.170","7"
"Microsoft","Microsoft Windows","OBTVM-TSTIKDMZ1.odeabank.com.tr","10.224.22.141","7"
"Microsoft","Microsoft Windows","OBTVM-TSTKFRM2.odeabank.com.tr","10.224.22.65","7"
"Microsoft","Microsoft Windows","OBTVM-TSTKKBP2.odeabank.com.tr","10.224.22.108","7"
"Microsoft","Microsoft Windows","OBTVM-TSTOCUI2.odeabank.com.tr","10.224.123.15","7"
"Microsoft","Microsoft Windows","OBTVM-TSTPYR1.odeabank.com.tr","10.224.115.46","7"
"Microsoft","Microsoft Windows","OBTVM-TSTYTSU1.odeabank.com.tr","10.224.22.86","7"
"Microsoft","Microsoft Windows","PW9019-0051.odeabank.com.tr","10.225.208.75","7"
"Microsoft","Microsoft Windows","PW9019-0206.odeabank.com.tr","10.225.208.166","7"
"Microsoft","System or Application Event","CWA-0173.odeabank.com.tr","10.225.236.183","7"
"Microsoft","System or Application Event","CWE-0011.odeabank.com.tr","10.225.237.90","7"
"Microsoft","System or Application Event","CWE-0016.odeabank.com.tr","10.225.237.73","7"
"Microsoft","System or Application Event","OBTVM-DRIXGW11.odeabank.com.tr","10.224.164.111","7"
"Microsoft","System or Application Event","OBTVM-DRTRM23.odeabank.com.tr","10.224.172.13","7"
"Microsoft","System or Application Event","OBTVM-DWHTSTUI1.odeabank.com.tr","10.224.99.105","7"
"Microsoft","System or Application Event","OBTVM-DWHUI3.odeabank.com.tr","10.224.10.110","7"
"Microsoft","System or Application Event","PW1040-0005.odeabank.com.tr","10.225.3.113","7"
"Microsoft","System or Application Event","PW1120-0013.odeabank.com.tr","10.225.38.46","7"
"Microsoft","System or Application Event","PW1200-0006.odeabank.com.tr","10.225.29.72","7"
"Microsoft","System or Application Event","PW9019-0088.odeabank.com.tr","10.225.208.212","7"
"Microsoft","System or Application Event","PW9019-0180.odeabank.com.tr","10.225.208.215","7"
"Microsoft","System or Application Event","PWG1040-0002.odeabank.com.tr","10.225.3.185","7"
"Microsoft","System or Application Event","PWG1260-0002.odeabank.com.tr","10.225.43.89","7"
"Microsoft","Microsoft Windows","CW9019-0078.odeabank.com.tr","10.225.237.234","6"
"Microsoft","Microsoft Windows","DSTE1140-02.odeabank.com.tr","10.225.65.138","6"
"Microsoft","Microsoft Windows","DSTE2240-01.odeabank.com.tr","10.225.42.220","6"
"Microsoft","Microsoft Windows","OBTVM-CLSRLY1.odeabank.com.tr","10.224.21.45","6"
"Microsoft","Microsoft Windows","OBTVM-DRQMU1.odeabank.com.tr","10.224.146.116","6"
"Microsoft","Microsoft Windows","OBTVM-DRTRM20.odeabank.com.tr","10.224.172.42","6"
"Microsoft","Microsoft Windows","OBTVM-KKTB4.odeabank.com.tr","10.224.21.74","6"
"Microsoft","Microsoft Windows","OBTVM-TSTBIGDB1.odeabank.com.tr","10.224.108.88","6"
"Microsoft","Microsoft Windows","OBTVM-TSTCAPP01.odeabank.com.tr","10.224.115.144","6"
"Microsoft","Microsoft Windows","OBTVM-TSTHSM01.odeabank.com.tr","10.224.123.141","6"
"Microsoft","Microsoft Windows","OBTVM-TSTIBDN1.odeabank.com.tr","10.224.115.126","6"
"Microsoft","Microsoft Windows","OBTVM-TSTPPMRP1.odeabank.com.tr","10.224.59.60","6"
"Microsoft","Microsoft Windows","OBTVM-TSTSQLM1.odeabank.com.tr","10.224.122.28","6"
"Microsoft","Microsoft Windows","OBTVM-TSTSWFDB1.odeabank.com.tr","10.224.50.41","6"
"Microsoft","Microsoft Windows","OBTVM-TSTTO1.odeabank.com.tr","10.224.22.61","6"
"Microsoft","Microsoft Windows","PCWC02-0026.odeabank.com.tr","10.225.190.43","6"
"Microsoft","Microsoft Windows","PW2200-0013.odeabank.com.tr","10.225.32.179","6"
"Microsoft","Microsoft Windows","PW9019-0537.odeabank.com.tr","10.225.208.103","6"
"Microsoft","Microsoft Windows","PW9019-0550.odeabank.com.tr","10.225.177.126","6"
"Microsoft","Microsoft Windows","PWG2040-0002.odeabank.com.tr","10.225.16.78","6"
"Microsoft","Microsoft Windows PowerShell","DSVD1100-01.odeabank.com.tr","10.225.39.224","6"
"Microsoft","Microsoft Windows PowerShell","NW-5CG7070MYZ.odeabank.com.tr","10.225.201.111","6"
"Microsoft","System or Application Event","CW9019-0078.odeabank.com.tr","10.225.237.234","6"
"Microsoft","System or Application Event","CWE-0004.odeabank.com.tr","10.225.236.22","6"
"Microsoft","System or Application Event","FloorPC-3902.odeabank.com.tr","10.225.184.24","6"
"Microsoft","System or Application Event","OBT-ARCSCON4.odeabank.com.tr","10.224.104.110","6"
"Microsoft","System or Application Event","OBTVM-ARCSCON10.odeabank.com.tr","10.224.104.132","6"
"Microsoft","System or Application Event","OBTVM-ASSET2.odeabank.com.tr","10.224.58.50","6"
"Microsoft","System or Application Event","OBTVM-BIGDB1.odeabank.com.tr","10.224.8.88","6"
"Microsoft","System or Application Event","OBTVM-DRIBMM1.odeabank.com.tr","10.224.146.165","6"
"Microsoft","System or Application Event","OBTVM-DRIBSU1.odeabank.com.tr","10.224.174.155","6"
"Microsoft","System or Application Event","OBTVM-DRIXAPP02.odeabank.com.tr","10.224.145.65","6"
"Microsoft","System or Application Event","OBTVM-DROCGW3.odeabank.com.tr","10.224.164.173","6"
"Microsoft","System or Application Event","OBTVM-DWHDRUI03.odeabank.com.tr","10.224.145.107","6"
"Microsoft","System or Application Event","OBTVM-DWHTSTA2.odeabank.com.tr","10.224.99.109","6"
"Microsoft","System or Application Event","OBTVM-OIDB1.odeabank.com.tr","10.224.104.31","6"
"Microsoft","System or Application Event","OBTVM-SASUI1.odeabank.com.tr","10.224.96.47","6"
"Microsoft","System or Application Event","PW1030-0040.odeabank.com.tr","10.225.4.176","6"
"Microsoft","System or Application Event","PW1140-0009.odeabank.com.tr","10.225.65.90","6"
"Microsoft","System or Application Event","PW2290-0001.odeabank.com.tr","10.225.50.26","6"
"Microsoft","System or Application Event","PW9019-0014.odeabank.com.tr","10.225.208.29","6"
"Microsoft","System or Application Event","PW9019-00158.odeabank.com.tr","10.225.201.39","6"
"Microsoft","System or Application Event","PW9019-0028.odeabank.com.tr","10.225.201.52","6"
"Microsoft","System or Application Event","PW9019-0142.odeabank.com.tr","10.225.208.137","6"
"Microsoft","System or Application Event","PW9019-0185.odeabank.com.tr","10.225.201.30","6"
"Microsoft","System or Application Event","PW9019-0325.odeabank.com.tr","10.225.181.155","6"
"Microsoft","System or Application Event","PW9019-0351.odeabank.com.tr","10.225.208.176","6"
"Microsoft","System or Application Event","PW9019-0555.odeabank.com.tr","10.225.201.7","6"
"Microsoft","System or Application Event","PWHAZ-0004.odeabank.com.tr","10.225.209.97","6"
"CISCO","ASA","obtvm-arcscon6.odeabank.com.tr","10.224.104.112","5"
"CISCO","CiscoRouter","","10.225.154.250","5"
"CISCO","CiscoRouter","","10.225.41.250","5"
"CISCO","CiscoRouter","obtvm-drucmsub02.odeabank.com.tr","10.224.134.67","5"
"F5","Big IP","DRC-INT-F5","10.224.131.11","5"
"Microsoft","Microsoft Windows","DSVP2030-01.odeabank.com.tr","10.225.12.234","5"
"Microsoft","Microsoft Windows","DSWB1200-01.odeabank.com.tr","10.225.29.163","5"
"Microsoft","Microsoft Windows","NW-LR0BQDNC.odeabank.com.tr","10.225.178.94","5"
"Microsoft","Microsoft Windows","OBTVM-DRTRM23.odeabank.com.tr","10.224.172.13","5"
"Microsoft","Microsoft Windows","OBTVM-TST32BP1.odeabank.com.tr","10.224.115.163","5"
"Microsoft","Microsoft Windows","OBTVM-TSTATMD1.odeabank.com.tr","10.224.22.151","5"
"Microsoft","Microsoft Windows","OBTVM-TSTHCZ1.odeabank.com.tr","10.224.115.151","5"
"Microsoft","Microsoft Windows","OBTVM-TSTIXCUI1.odeabank.com.tr","10.224.107.115","5"
"Microsoft","Microsoft Windows","OBTVM-TSTIXGW11.odeabank.com.tr","10.224.22.111","5"
"Microsoft","Microsoft Windows","OBTVM-TSTOCGW1.odeabank.com.tr","10.224.22.171","5"
"Microsoft","Microsoft Windows","OBTVM-TSTPPMAP1.odeabank.com.tr","10.224.59.61","5"
"Microsoft","Microsoft Windows","PC9019-0705.odeabank.com.tr","10.225.201.96","5"
"Microsoft","Microsoft Windows","PW1200-0010.odeabank.com.tr","10.225.29.64","5"
"Microsoft","Microsoft Windows","PW2310-0008.odeabank.com.tr","10.225.15.197","5"
"Microsoft","Microsoft Windows","PW9019-0336.odeabank.com.tr","10.225.208.219","5"
"Microsoft","Microsoft Windows","PWG1180-0001.odeabank.com.tr","10.225.41.50","5"
"Microsoft","Microsoft Windows","PWG2310-0002.odeabank.com.tr","10.225.15.81","5"
"Microsoft","Microsoft Windows PowerShell","PW9019-0056.odeabank.com.tr","10.225.208.194","5"
"Microsoft","Microsoft Windows PowerShell","PW9019-0440.odeabank.com.tr","10.225.208.53","5"
"Microsoft","SQL Server","OBTVM-DRSWFDB1.odeabank.com.tr","10.224.191.71","5"
"Microsoft","System or Application Event","CWP-0001.odeabank.com.tr","10.225.236.46","5"
"Microsoft","System or Application Event","DSTE1140-01","10.225.65.220","5"
"Microsoft","System or Application Event","DSWB2060-LED.odeabank.com.tr","10.225.36.148","5"
"Microsoft","System or Application Event","OBT-QV17.odeabank.com.tr","10.224.15.28","5"
"Microsoft","System or Application Event","OBTVM-DRIXUI01.odeabank.com.tr","10.224.145.32","5"
"Microsoft","System or Application Event","OBTVM-DRTRM17.odeabank.com.tr","10.224.172.37","5"
"Microsoft","System or Application Event","OBTVM-DRTRM30.odeabank.com.tr","10.224.172.20","5"
"Microsoft","System or Application Event","OBTVM-SPF12.odeabank.com.tr","10.224.121.62","5"
"Microsoft","System or Application Event","PW1040-0044.odeabank.com.tr","10.225.3.114","5"
"Microsoft","System or Application Event","PW2030-0025.odeabank.com.tr","10.225.12.55","5"
"Microsoft","System or Application Event","PW2160-0017.odeabank.com.tr","10.225.21.104","5"
"Microsoft","System or Application Event","PW2190-0003.odeabank.com.tr","10.225.24.64","5"
"Microsoft","System or Application Event","PW2280-0015.odeabank.com.tr","10.225.49.153","5"
"Microsoft","System or Application Event","PW9019-0045.odeabank.com.tr","10.225.208.204","5"
"Microsoft","System or Application Event","PW9019-0166.odeabank.com.tr","10.225.201.19","5"
"Microsoft","System or Application Event","PW9019-0190.odeabank.com.tr","10.225.201.48","5"
"Microsoft","System or Application Event","PW9019-0261.odeabank.com.tr","10.225.208.73","5"
"Microsoft","System or Application Event","PW9019-0990.odeabank.com.tr","10.225.208.188","5"
"Microsoft","System or Application Event","PW9019-1010.odeabank.com.tr","10.225.201.31","5"
"Microsoft","System or Application Event","PWHAZ-0014.odeabank.com.tr","10.225.209.62","5"
"","","obtvm-grdcm1.odeabank.com.tr","10.224.104.33","4"
"Aruba Networks","ClearPass","10.224.104.112","10.224.121.100","4"
"CISCO","CiscoRouter","","10.224.134.66","4"
"CISCO","CiscoRouter","","10.225.198.31","4"
"CISCO","CiscoRouter","","10.225.36.2","4"
"CISCO","CiscoRouter","","10.225.48.3","4"
"CISCO","CiscoRouter","","10.227.254.98","4"
"Fortinet","Fortigate","OBT-DcFw4","","4"
"Microsoft","Microsoft Windows","DSVD1030-01.odeabank.com.tr","10.225.4.227","4"
"Microsoft","Microsoft Windows","DSVD2010-01.odeabank.com.tr","10.225.6.159","4"
"Microsoft","Microsoft Windows","DSVD2050-01.odeabank.com.tr","10.225.9.221","4"
"Microsoft","Microsoft Windows","DSVP1050-01.odeabank.com.tr","10.225.7.194","4"
"Microsoft","Microsoft Windows","DSZD2060-01.odeabank.com.tr","10.225.2.99","4"
"Microsoft","Microsoft Windows","NW-LR0BQDM3.odeabank.com.tr","10.225.225.221","4"
"Microsoft","Microsoft Windows","OBT-DRBCK01.odeabank.com.tr","10.224.144.56","4"
"Microsoft","Microsoft Windows","OBTVM-ASSETP2.odeabank.com.tr","10.224.58.57","4"
"Microsoft","Microsoft Windows","OBTVM-BMRGW1.odeabank.com.tr","10.224.21.22","4"
"Microsoft","Microsoft Windows","OBTVM-DREXPR1.odeabank.com.tr","10.224.146.141","4"
"Microsoft","Microsoft Windows","OBTVM-SEPDMZ1.odeabank.com.tr","10.224.21.33","4"
"Microsoft","Microsoft Windows","OBTVM-TSTIBSG1.odeabank.com.tr","10.224.22.155","4"
"Microsoft","Microsoft Windows","OBTVM-TSTIMZ2.odeabank.com.tr","10.224.59.81","4"
"Microsoft","Microsoft Windows","OBTVM-TSTOCACQ2.odeabank.com.tr","10.224.123.16","4"
"Microsoft","Microsoft Windows","PW1130-0006.odeabank.com.tr","10.225.19.100","4"
"Microsoft","Microsoft Windows","PW2030-0014.odeabank.com.tr","10.225.12.76","4"
"Microsoft","Microsoft Windows","PW9019-0154.odeabank.com.tr","10.225.208.149","4"
"Microsoft","Microsoft Windows","PW9019-0524.odeabank.com.tr","10.225.208.30","4"
"Microsoft","Microsoft Windows","PW9990-0007.odeabank.com.tr","10.225.237.145","4"
"Microsoft","Microsoft Windows","PWG2170-0001.odeabank.com.tr","10.225.18.67","4"
"Microsoft","Microsoft Windows WindowsUpdateClient","NW-5CG7282623.odeabank.com.tr","10.225.176.175","4"
"Microsoft","Microsoft Windows WindowsUpdateClient","PW1110-0009.odeabank.com.tr","10.225.31.153","4"
"Microsoft","Microsoft Windows WindowsUpdateClient","PW2200-0011.odeabank.com.tr","10.225.32.70","4"
"Microsoft","System or Application Event","DSTE1250-01.odeabank.com.tr","10.225.44.223","4"
"Microsoft","System or Application Event","DSTE2220-02.odeabank.com.tr","10.225.34.224","4"
"Microsoft","System or Application Event","DSZD2180-01.odeabank.com.tr","10.225.33.228","4"
"Microsoft","System or Application Event","FloorPC-3801.odeabank.com.tr","10.225.184.167","4"
"Microsoft","System or Application Event","OBT-BGATA01.odeabank.com.tr","10.224.104.122","4"
"Microsoft","System or Application Event","OBT-CLSANLZ2.odeabank.com.tr","10.224.60.76","4"
"Microsoft","System or Application Event","OBT-DRCLSSRV1.odeabank.com.tr","10.224.170.77","4"
"Microsoft","System or Application Event","OBT-DRCSQL01.odeabank.com.tr","10.224.144.49","4"
"Microsoft","System or Application Event","OBT-DRDC1.odeabank.com.tr","10.224.128.16","4"
"Microsoft","System or Application Event","OBTVM-DRCHCZ1.odeabank.com.tr","10.224.146.151","4"
"Microsoft","System or Application Event","OBTVM-DRIPTAP2.odeabank.com.tr","10.224.140.20","4"
"Microsoft","System or Application Event","OBTVM-DRIXSR1.odeabank.com.tr","10.224.145.28","4"
"Microsoft","System or Application Event","OBTVM-DRTRM18.odeabank.com.tr","10.224.172.38","4"
"Microsoft","System or Application Event","OBTVM-DSSRV02.odeabank.com.tr","10.224.114.22","4"
"Microsoft","System or Application Event","OBTVM-DWHDRA01.odeabank.com.tr","10.224.145.108","4"
"Microsoft","System or Application Event","OBTVM-OCUI2.odeabank.com.tr","10.224.113.133","4"
"Microsoft","System or Application Event","OBTVM-SGK2.odeabank.com.tr","10.224.15.39","4"
"Microsoft","System or Application Event","OBTVM-STGW01.odeabank.com.tr","10.224.115.131","4"
"Microsoft","System or Application Event","OBTVM-TSTIBMA1.odeabank.com.tr","10.224.22.126","4"
"Microsoft","System or Application Event","OBTVM-TSTIBUI1.odeabank.com.tr","10.224.74.195","4"
"Microsoft","System or Application Event","OBTVM-TSTODCSM1.odeabank.com.tr","10.224.22.184","4"
"Microsoft","System or Application Event","PC9109-0006.odeabank.com.tr","10.225.209.189","4"
"Microsoft","System or Application Event","PCWC03-102.odeabank.com.tr","10.225.225.225","4"
"Microsoft","System or Application Event","PW2030-0004.odeabank.com.tr","10.225.12.80","4"
"Microsoft","System or Application Event","PW2030-0020.odeabank.com.tr","10.225.12.177","4"
"Microsoft","System or Application Event","PW2030-0031.odeabank.com.tr","10.225.12.162","4"
"Microsoft","System or Application Event","PW9019-0077.odeabank.com.tr","10.225.208.155","4"
"Microsoft","System or Application Event","PW9019-0121.odeabank.com.tr","10.225.201.85","4"
"Microsoft","System or Application Event","PW9019-0242.odeabank.com.tr","10.225.208.236","4"
"Microsoft","System or Application Event","PW9019-0266.odeabank.com.tr","10.225.208.63","4"
"Microsoft","System or Application Event","PW9019-0309.odeabank.com.tr","10.225.208.81","4"
"Microsoft","System or Application Event","PW9019-0412.odeabank.com.tr","10.225.201.95","4"
"Microsoft","System or Application Event","PW9019-0535.odeabank.com.tr","10.225.208.28","4"
"Microsoft","System or Application Event","PWHAZ-0005.odeabank.com.tr","10.225.209.102","4"
"CISCO","CiscoRouter","","10.224.104.112","3"
"CISCO","CiscoRouter","","10.225.7.250","3"
"FireEye","CMS","NX","10.224.104.223","3"
"HPE","Aruba Mobility Controller","","10.225.177.162","3"
"HPE","Aruba Mobility Controller","","10.225.177.225","3"
"HPE","Aruba Mobility Controller","","10.225.180.29","3"
"IBM","Guardium","obtvm-grdcoll10","10.224.104.41","3"
"Microsoft","Microsoft Windows","CW9019-0096.odeabank.com.tr","10.225.236.54","3"
"Microsoft","Microsoft Windows","DSVD1250-01.odeabank.com.tr","10.225.44.144","3"
"Microsoft","Microsoft Windows","OBTVM-BGA2.odeabank.com.tr","10.224.21.102","3"
"Microsoft","Microsoft Windows","OBTVM-CMVIDX2.odeabank.com.tr","10.224.8.94","3"
"Microsoft","Microsoft Windows","OBTVM-DRNAP3.odeabank.com.tr","10.224.155.129","3"
"Microsoft","Microsoft Windows","OBTVM-TST32BL1.odeabank.com.tr","10.224.115.162","3"
"Microsoft","Microsoft Windows","OBTVM-TSTBTOM11.odeabank.com.tr","10.224.115.85","3"
"Microsoft","Microsoft Windows","OBTVM-TSTDTXAPP.odeabank.com.tr","10.224.59.70","3"
"Microsoft","Microsoft Windows","OBTVM-TSTEDF1.odeabank.com.tr","10.224.115.48","3"
"Microsoft","Microsoft Windows","OBTVM-TSTHNTW1.odeabank.com.tr","10.224.59.165","3"
"Microsoft","Microsoft Windows","OBTVM-TSTIBSA1.odeabank.com.tr","10.224.59.155","3"
"Microsoft","Microsoft Windows","OBTVM-TSTIXATM1.odeabank.com.tr","10.224.110.37","3"
"Microsoft","Microsoft Windows","OBTVM-TSTIXGW12.odeabank.com.tr","10.224.22.112","3"
"Microsoft","Microsoft Windows","OBTVM-TSTMSF1.odeabank.com.tr","10.224.59.80","3"
"Microsoft","Microsoft Windows","OBTVM-TSTMSF2.odeabank.com.tr","10.224.97.80","3"
"Microsoft","Microsoft Windows","OBTVM-TSTODCRS1.odeabank.com.tr","10.224.22.51","3"
"Microsoft","Microsoft Windows","OBTVM-TSTPCSM2.odeabank.com.tr","10.224.115.136","3"
"Microsoft","Microsoft Windows","OBTVM-TSTSMJIRA.odeabank.com.tr","10.224.22.142","3"
"Microsoft","Microsoft Windows","OBTVM-TSTSQLM2.odeabank.com.tr","10.224.122.29","3"
"Microsoft","Microsoft Windows","PCWC03-013.odeabank.com.tr","10.225.190.19","3"
"Microsoft","Microsoft Windows","PW2010-0011.odeabank.com.tr","10.225.6.46","3"
"Microsoft","Microsoft Windows","PW2030-0027.odeabank.com.tr","10.225.12.130","3"
"Microsoft","Microsoft Windows","PW2180-0016.odeabank.com.tr","10.225.33.85","3"
"Microsoft","Microsoft Windows","PW9019-0075.odeabank.com.tr","10.225.208.153","3"
"Microsoft","Microsoft Windows PowerShell","PW2200-0003.odeabank.com.tr","10.225.32.81","3"
"Microsoft","SQL Server","OBT-SESDB2.odeabank.com.tr","10.224.109.32","3"
"Microsoft","System or Application Event","CW9019-0080.odeabank.com.tr","10.225.237.99","3"
"Microsoft","System or Application Event","DSBA1290-01.odeabank.com.tr","10.225.51.221","3"
"Microsoft","System or Application Event","DSBA2050-02.odeabank.com.tr","10.225.9.136","3"
"Microsoft","System or Application Event","DSOLIVE-09.odeabank.com.tr","10.225.214.233","3"
"Microsoft","System or Application Event","DSTE2010-02.odeabank.com.tr","10.225.6.221","3"
"Microsoft","System or Application Event","DSZD1070-01.odeabank.com.tr","10.225.11.234","3"
"Microsoft","System or Application Event","DSZD2190-01.odeabank.com.tr","10.225.24.231","3"
"Microsoft","System or Application Event","L199-0006.odeabank.com.tr","10.225.225.37","3"
"Microsoft","System or Application Event","NW-LR0BQDP3.odeabank.com.tr","10.224.33.32","3"
"Microsoft","System or Application Event","NW-PF1V57BB.odeabank.com.tr","10.225.176.135","3"
"Microsoft","System or Application Event","NW-PF1V57TX.odeabank.com.tr","10.225.176.157","3"
"Microsoft","System or Application Event","NW-PF1V582B.odeabank.com.tr","10.225.225.143","3"
"Microsoft","System or Application Event","OBT-BCK02.odeabank.com.tr","10.224.8.57","3"
"Microsoft","System or Application Event","OBT-CLSANLZ1.odeabank.com.tr","10.224.60.75","3"
"Microsoft","System or Application Event","OBT-CLSTST1.odeabank.com.tr","10.224.115.75","3"
"Microsoft","System or Application Event","OBT-CSQL11.odeabank.com.tr","10.224.8.71","3"
"Microsoft","System or Application Event","OBT-DRCDBTST1.odeabank.com.tr","10.224.8.145","3"
"Microsoft","System or Application Event","OBT-DREMC1.odeabank.com.tr","10.224.130.85","3"
"Microsoft","System or Application Event","OBT-DRIXDMS01.odeabank.com.tr","10.224.144.32","3"
"Microsoft","System or Application Event","OBT-DRSESDB1.odeabank.com.tr","10.224.144.90","3"
"Microsoft","System or Application Event","OBT-DRSESREC1.odeabank.com.tr","10.224.170.61","3"
"Microsoft","System or Application Event","OBT-EDF3.odeabank.com.tr","10.224.21.48","3"
"Microsoft","System or Application Event","OBT-EFT01.odeabank.com.tr","10.224.15.25","3"
"Microsoft","System or Application Event","OBT-EMC1.odeabank.com.tr","10.224.13.26","3"
"Microsoft","System or Application Event","OBT-IXIK02.odeabank.com.tr","10.224.15.73","3"
"Microsoft","System or Application Event","OBT-PREBIDB1.odeabank.com.tr","10.224.108.61","3"
"Microsoft","System or Application Event","OBT-SESREC5.odeabank.com.tr","10.224.60.69","3"
"Microsoft","System or Application Event","OBTVM-ADBLC1.odeabank.com.tr","10.224.10.96","3"
"Microsoft","System or Application Event","OBTVM-ASSETP2.odeabank.com.tr","10.224.58.57","3"
"Microsoft","System or Application Event","OBTVM-ATMR1.odeabank.com.tr","10.224.15.91","3"
"Microsoft","System or Application Event","OBTVM-BMRFS1.odeabank.com.tr","10.224.120.156","3"
"Microsoft","System or Application Event","OBTVM-CBFS1.odeabank.com.tr","10.224.121.111","3"
"Microsoft","System or Application Event","OBTVM-DCAP1.odeabank.com.tr","10.224.15.67","3"
"Microsoft","System or Application Event","OBTVM-DOUI1.odeabank.com.tr","10.224.116.75","3"
"Microsoft","System or Application Event","OBTVM-DRATMR1.odeabank.com.tr","10.224.146.91","3"
"Microsoft","System or Application Event","OBTVM-DRATMTTS1.odeabank.com.tr","10.224.140.135","3"
"Microsoft","System or Application Event","OBTVM-DRIBMA1.odeabank.com.tr","10.224.164.126","3"
"Microsoft","System or Application Event","OBTVM-DRIBSG1.odeabank.com.tr","10.224.164.155","3"
"Microsoft","System or Application Event","OBTVM-DRIRTS01.odeabank.com.tr","10.224.146.36","3"
"Microsoft","System or Application Event","OBTVM-DRIXCUI1.odeabank.com.tr","10.224.145.115","3"
"Microsoft","System or Application Event","OBTVM-DRIXGW01.odeabank.com.tr","10.224.146.32","3"
"Microsoft","System or Application Event","OBTVM-DRIXSR5.odeabank.com.tr","10.224.145.26","3"
"Microsoft","System or Application Event","OBTVM-DRKKGW1.odeabank.com.tr","10.224.164.21","3"
"Microsoft","System or Application Event","OBTVM-DRMRXRDP1.odeabank.com.tr","10.224.158.40","3"
"Microsoft","System or Application Event","OBTVM-DRODCA01.odeabank.com.tr","10.224.146.183","3"
"Microsoft","System or Application Event","OBTVM-DRODCSM1.odeabank.com.tr","10.224.164.184","3"
"Microsoft","System or Application Event","OBTVM-DRPYR1.odeabank.com.tr","10.224.146.46","3"
"Microsoft","System or Application Event","OBTVM-DRTRM19.odeabank.com.tr","10.224.172.39","3"
"Microsoft","System or Application Event","OBTVM-DRTRM21.odeabank.com.tr","10.224.172.11","3"
"Microsoft","System or Application Event","OBTVM-DRTRM33.odeabank.com.tr","10.224.172.63","3"
"Microsoft","System or Application Event","OBTVM-DWHDRA03.odeabank.com.tr","10.224.145.110","3"
"Microsoft","System or Application Event","OBTVM-DWHUI1.odeabank.com.tr","10.224.10.108","3"
"Microsoft","System or Application Event","OBTVM-KFRM2.odeabank.com.tr","10.224.21.65","3"
"Microsoft","System or Application Event","OBTVM-KKTB2.odeabank.com.tr","10.224.21.72","3"
"Microsoft","System or Application Event","OBTVM-OBTIS11.odeabank.com.tr","10.224.15.115","3"
"Microsoft","System or Application Event","OBTVM-ODCA03.odeabank.com.tr","10.224.15.185","3"
"Microsoft","System or Application Event","OBTVM-OIAPP1.odeabank.com.tr","10.224.104.30","3"
"Microsoft","System or Application Event","OBTVM-SASPA1.odeabank.com.tr","10.224.96.41","3"
"Microsoft","System or Application Event","OBTVM-SCCM03.odeabank.com.tr","10.224.62.11","3"
"Microsoft","System or Application Event","OBTVM-SPCANL1.odeabank.com.tr","10.224.109.22","3"
"Microsoft","System or Application Event","OBTVM-SWFTTRM1.odeabank.com.tr","10.224.50.98","3"
"Microsoft","System or Application Event","OBTVM-TSTIXESB1.odeabank.com.tr","10.224.110.35","3"
"Microsoft","System or Application Event","OBTVM-TSTNVC1.odeabank.com.tr","10.224.115.125","3"
"Microsoft","System or Application Event","ODV1PGMST1.odeabank.com.tr","10.224.141.22","3"
"Microsoft","System or Application Event","PW1030-0044.odeabank.com.tr","10.225.4.92","3"
"Microsoft","System or Application Event","PW1040-0039.odeabank.com.tr","10.225.3.65","3"
"Microsoft","System or Application Event","PW1070-0018.odeabank.com.tr","10.225.11.115","3"
"Microsoft","System or Application Event","PW1110-0009.odeabank.com.tr","10.225.31.153","3"
"Microsoft","System or Application Event","PW1110-0025.odeabank.com.tr","10.225.31.119","3"
"Microsoft","System or Application Event","PW2000-0012.odeabank.com.tr","10.225.5.180","3"
"Microsoft","System or Application Event","PW2180-0006.odeabank.com.tr","10.225.33.123","3"
"Microsoft","System or Application Event","PW2180-0034.odeabank.com.tr","10.225.33.48","3"
"Microsoft","System or Application Event","PW2230-0010.odeabank.com.tr","10.225.35.65","3"
"Microsoft","System or Application Event","PW9019-0179.odeabank.com.tr","10.225.201.60","3"
"Microsoft","System or Application Event","PW9019-0209.odeabank.com.tr","10.225.206.185","3"
"Microsoft","System or Application Event","PW9019-0327.odeabank.com.tr","10.225.201.17","3"
"Microsoft","System or Application Event","PW9019-0339.odeabank.com.tr","10.225.201.35","3"
"Microsoft","System or Application Event","PW9019-0353.odeabank.com.tr","10.225.207.240","3"
"Microsoft","System or Application Event","PW9019-0356.odeabank.com.tr","10.225.208.25","3"
"Microsoft","System or Application Event","PW9019-0411.odeabank.com.tr","10.225.208.55","3"
"Microsoft","System or Application Event","PW9019-0444.odeabank.com.tr","10.225.224.56","3"
"Microsoft","System or Application Event","PW9019-1907.odeabank.com.tr","10.211.55.3","3"
"Microsoft","System or Application Event","PWG1190-0002.odeabank.com.tr","10.225.27.73","3"
"Microsoft","System or Application Event","PWG2230-0001.odeabank.com.tr","10.225.35.64","3"
"Microsoft","System or Application Event","PWG2270-0002.odeabank.com.tr","10.225.48.64","3"
"Microsoft","System or Application Event","obtvm-tstocapp1.odeabank.com.tr","10.224.123.3","3"
"Microsoft","System or Application Event","obtvm-tstocui1.odeabank.com.tr","10.224.123.11","3"
"Unix","Unix","obtvm-grdcoll6","10.224.104.39","3"
"","","","10.224.121.151","2"
"","","obtvm-grdcoll10.odeabank.com.tr","10.224.104.41","2"
"","","obtvm-grdcoll11.odeabank.com.tr","10.224.104.42","2"
"ArcSight","ArcSight","","10.224.104.28","2"
"ArcSight","ArcSight","obtvm-arcscon11.odeabank.com.tr","10.224.104.133","2"
"CISCO","Cisco Secure ACS","ODEA-ACS1","","2"
"CISCO","Cisco Secure ACS","ODEA-BANK-ACS","","2"
"CISCO","CiscoRouter","","10.225.154.2","2"
"CISCO","CiscoRouter","","10.225.198.41","2"
"CISCO","CiscoRouter","","10.225.32.3","2"
"CISCO","CiscoRouter","","10.225.49.2","2"
"CISCO","CiscoRouter","","10.227.254.20","2"
"CISCO","CiscoRouter","obtvm-arcscon6.odeabank.com.tr","10.224.104.112","2"
"F5","Big IP","OBT-F5-Int4.odeabank.com.tr","","2"
"HPE","Aruba Mobility Controller","","10.225.176.101","2"
"HPE","Aruba Mobility Controller","","10.225.176.186","2"
"HPE","Aruba Mobility Controller","","10.225.178.181","2"
"HPE","Aruba Mobility Controller","","10.225.180.27","2"
"HPE","Aruba Mobility Controller","","10.225.180.35","2"
"Microsoft","Microsoft Windows","DSBA1070-03.odeabank.com.tr","10.225.11.223","2"
"Microsoft","Microsoft Windows","DSBA1130-01.odeabank.com.tr","10.225.19.194","2"
"Microsoft","Microsoft Windows","DSTE1110-02.odeabank.com.tr","10.225.31.234","2"
"Microsoft","Microsoft Windows","DSZD1210-01.odeabank.com.tr","10.225.28.233","2"
"Microsoft","Microsoft Windows","NW-PF1V57TM.odeabank.com.tr","10.225.177.248","2"
"Microsoft","Microsoft Windows","OBTVM-CPVWA2.odeabank.com.tr","10.224.96.81","2"
"Microsoft","Microsoft Windows","OBTVM-DRCIMZ1.odeabank.com.tr","10.224.146.152","2"
"Microsoft","Microsoft Windows","OBTVM-DRTRM26.odeabank.com.tr","10.224.172.16","2"
"Microsoft","Microsoft Windows","OBTVM-DRTRM8.odeabank.com.tr","10.224.172.28","2"
"Microsoft","Microsoft Windows","OBTVM-TSTADBLC1.odeabank.com.tr","10.224.115.51","2"
"Microsoft","Microsoft Windows","OBTVM-TSTASSET1.odeabank.com.tr","10.224.97.50","2"
"Microsoft","Microsoft Windows","OBTVM-TSTKKBP1.odeabank.com.tr","10.224.115.108","2"
"Microsoft","Microsoft Windows","OBTVM-TSTSGK2.odeabank.com.tr","10.224.115.39","2"
"Microsoft","Microsoft Windows","PW1140-0017.odeabank.com.tr","10.225.65.173","2"
"Microsoft","Microsoft Windows","PW1250-0012.odeabank.com.tr","10.225.44.192","2"
"Microsoft","Microsoft Windows","PW1270-0005.odeabank.com.tr","10.225.14.193","2"
"Microsoft","Microsoft Windows","PW2030-0026.odeabank.com.tr","10.225.12.153","2"
"Microsoft","Microsoft Windows","PW9019-0037.odeabank.com.tr","10.225.208.119","2"
"Microsoft","Microsoft Windows","PW9019-0043.odeabank.com.tr","10.225.208.130","2"
"Microsoft","Microsoft Windows","PW9019-0086.odeabank.com.tr","10.225.207.182","2"
"Microsoft","Microsoft Windows","PW9019-0265.odeabank.com.tr","10.225.208.237","2"
"Microsoft","Microsoft Windows","PW9019-0325.odeabank.com.tr","10.225.181.155","2"
"Microsoft","Microsoft Windows WindowsUpdateClient","PW9019-0185.odeabank.com.tr","10.225.201.30","2"
"Microsoft","System or Application Event","CW9019-0089.odeabank.com.tr","10.225.237.163","2"
"Microsoft","System or Application Event","CW9019-0096.odeabank.com.tr","10.225.236.54","2"
"Microsoft","System or Application Event","CW9019-0099.odeabank.com.tr","10.225.237.28","2"
"Microsoft","System or Application Event","CWA-0045.odeabank.com.tr","10.225.237.204","2"
"Microsoft","System or Application Event","CWA-0050.odeabank.com.tr","10.225.236.155","2"
"Microsoft","System or Application Event","CWA-0051.odeabank.com.tr","10.225.236.87","2"
"Microsoft","System or Application Event","CWA-0081.odeabank.com.tr","10.225.236.70","2"
"Microsoft","System or Application Event","CWA-0146.odeabank.com.tr","10.225.237.250","2"
"Microsoft","System or Application Event","CWA-0187.odeabank.com.tr","10.225.237.44","2"
"Microsoft","System or Application Event","CWA-0201.odeabank.com.tr","10.225.237.161","2"
"Microsoft","System or Application Event","DSBA1040-03.odeabank.com.tr","10.225.3.226","2"
"Microsoft","System or Application Event","DSBA1050-01.odeabank.com.tr","10.225.7.227","2"
"Microsoft","System or Application Event","DSBA1140-03.odeabank.com.tr","10.225.65.137","2"
"Microsoft","System or Application Event","DSBA2300-03.odeabank.com.tr","10.225.53.226","2"
"Microsoft","System or Application Event","DSTE1000-02.odeabank.com.tr","10.225.214.229","2"
"Microsoft","System or Application Event","DSTE1030-01.odeabank.com.tr","10.225.4.220","2"
"Microsoft","System or Application Event","DSTE1250-02.odeabank.com.tr","10.225.44.224","2"
"Microsoft","System or Application Event","DSTE2190-02.odeabank.com.tr","10.225.24.222","2"
"Microsoft","System or Application Event","DSVD1000-01.odeabank.com.tr","10.225.214.235","2"
"Microsoft","System or Application Event","DSVD1210-01.odeabank.com.tr","10.225.28.230","2"
"Microsoft","System or Application Event","DSVD2220-01.odeabank.com.tr","10.225.34.225","2"
"Microsoft","System or Application Event","DSVP1040-01.odeabank.com.tr","10.225.3.228","2"
"Microsoft","System or Application Event","DSVP2050-01.odeabank.com.tr","10.225.9.199","2"
"Microsoft","System or Application Event","DSZD1000-01.odeabank.com.tr","10.225.214.230","2"
"Microsoft","System or Application Event","DSZD1010-01.odeabank.com.tr","10.225.1.226","2"
"Microsoft","System or Application Event","DSZD1180-01.odeabank.com.tr","10.225.41.230","2"
"Microsoft","System or Application Event","DSZD1290-01.odeabank.com.tr","10.225.51.230","2"
"Microsoft","System or Application Event","DSZD2040-01.odeabank.com.tr","10.225.16.233","2"
"Microsoft","System or Application Event","DSZD2050-01.odeabank.com.tr","10.225.9.223","2"
"Microsoft","System or Application Event","DSZD2270-01.odeabank.com.tr","10.225.48.231","2"
"Microsoft","System or Application Event","DSZD2280-01.odeabank.com.tr","10.225.49.229","2"
"Microsoft","System or Application Event","DSZD2300-01.odeabank.com.tr","10.225.53.221","2"
"Microsoft","System or Application Event","Floorpc-3501.odeabank.com.tr","10.225.184.23","2"
"Microsoft","System or Application Event","Hazine_DellPC.odeabank.com.tr","10.225.209.251","2"
"Microsoft","System or Application Event","L199-0002.odeabank.com.tr","10.225.225.25","2"
"Microsoft","System or Application Event","NW-5CG63204S6.odeabank.com.tr","10.225.176.22","2"
"Microsoft","System or Application Event","OBT-ARCSCON3.odeabank.com.tr","10.224.104.29","2"
"Microsoft","System or Application Event","OBT-BCK03.odeabank.com.tr","10.224.8.91","2"
"Microsoft","System or Application Event","OBT-BCK05.odeabank.com.tr","10.224.8.55","2"
"Microsoft","System or Application Event","OBT-CENTRALDB02.odeabank.com.tr","10.224.8.49","2"
"Microsoft","System or Application Event","OBT-DODB1.odeabank.com.tr","10.224.116.11","2"
"Microsoft","System or Application Event","OBT-DRCLSWEB1.odeabank.com.tr","10.224.170.78","2"
"Microsoft","System or Application Event","OBT-DREFT01.odeabank.com.tr","10.224.146.25","2"
"Microsoft","System or Application Event","OBT-DRIBUI01.odeabank.com.tr","10.224.161.8","2"
"Microsoft","System or Application Event","OBT-DRIXBZTDB1.odeabank.com.tr","10.224.146.52","2"
"Microsoft","System or Application Event","OBT-DRSESANLZ1.odeabank.com.tr","10.224.170.63","2"
"Microsoft","System or Application Event","OBT-EFT02.odeabank.com.tr","10.224.15.26","2"
"Microsoft","System or Application Event","OBT-EVRG1.odeabank.com.tr","10.224.15.105","2"
"Microsoft","System or Application Event","OBT-FS12.odeabank.com.tr","10.224.3.42","2"
"Microsoft","System or Application Event","OBT-HPSQL12.odeabank.com.tr","10.224.120.42","2"
"Microsoft","System or Application Event","OBT-IBUI01.odeabank.com.tr","10.224.18.8","2"
"Microsoft","System or Application Event","OBT-IXBIDB12.odeabank.com.tr","10.224.8.123","2"
"Microsoft","System or Application Event","OBT-IXDMS02.odeabank.com.tr","10.224.8.33","2"
"Microsoft","System or Application Event","OBT-IXDMSTST01.odeabank.com.tr","10.224.8.37","2"
"Microsoft","System or Application Event","OBT-IXETLDBV01.odeabank.com.tr","10.224.8.43","2"
"Microsoft","System or Application Event","OBT-PRNT2.odeabank.com.tr","10.225.183.16","2"
"Microsoft","System or Application Event","OBT-SESREC2.odeabank.com.tr","10.224.60.62","2"
"Microsoft","System or Application Event","OBT-SESTEKVR1.odeabank.com.tr","10.225.236.16","2"
"Microsoft","System or Application Event","OBT-SGK3.odeabank.com.tr","10.224.21.38","2"
"Microsoft","System or Application Event","OBT-VR1.odeabank.com.tr","10.224.32.206","2"
"Microsoft","System or Application Event","OBTVM-ACLAX1.odeabank.com.tr","10.224.121.55","2"
"Microsoft","System or Application Event","OBTVM-ARCSCON8.odeabank.com.tr","10.224.104.130","2"
"Microsoft","System or Application Event","OBTVM-ARCSCON9.odeabank.com.tr","10.224.104.131","2"
"Microsoft","System or Application Event","OBTVM-ARSPUB1.odeabank.com.tr","10.224.58.52","2"
"Microsoft","System or Application Event","OBTVM-BCKCC1.odeabank.com.tr","10.224.32.41","2"
"Microsoft","System or Application Event","OBTVM-BGST1.odeabank.com.tr","10.224.104.90","2"
"Microsoft","System or Application Event","OBTVM-BMR01.odeabank.com.tr","10.224.120.155","2"
"Microsoft","System or Application Event","OBTVM-BTOM11.odeabank.com.tr","10.224.15.85","2"
"Microsoft","System or Application Event","OBTVM-BUSS1.odeabank.com.tr","10.224.120.65","2"
"Microsoft","System or Application Event","OBTVM-CA1.odeabank.com.tr","10.224.3.143","2"
"Microsoft","System or Application Event","OBTVM-CAPP02.odeabank.com.tr","10.224.15.45","2"
"Microsoft","System or Application Event","OBTVM-CMVIDX4.odeabank.com.tr","10.224.8.102","2"
"Microsoft","System or Application Event","OBTVM-COUI2.odeabank.com.tr","10.224.15.177","2"
"Microsoft","System or Application Event","OBTVM-CPM01.odeabank.com.tr","10.224.121.120","2"
"Microsoft","System or Application Event","OBTVM-CPM02.odeabank.com.tr","10.224.121.121","2"
"Microsoft","System or Application Event","OBTVM-CSM1.odeabank.com.tr","10.224.105.75","2"
"Microsoft","System or Application Event","OBTVM-DBAMON1.odeabank.com.tr","10.224.8.111","2"
"Microsoft","System or Application Event","OBTVM-DRBTOM11.odeabank.com.tr","10.224.146.87","2"
"Microsoft","System or Application Event","OBTVM-DRBZTFS1.odeabank.com.tr","10.224.146.99","2"
"Microsoft","System or Application Event","OBTVM-DRCAPP01.odeabank.com.tr","10.224.146.44","2"
"Microsoft","System or Application Event","OBTVM-DRCBFS1.odeabank.com.tr","10.224.155.111","2"
"Microsoft","System or Application Event","OBTVM-DRIBDA1.odeabank.com.tr","10.224.146.127","2"
"Microsoft","System or Application Event","OBTVM-DRIBFE1.odeabank.com.tr","10.224.161.126","2"
"Microsoft","System or Application Event","OBTVM-DRIBMU1.odeabank.com.tr","10.224.161.128","2"
"Microsoft","System or Application Event","OBTVM-DRINV1.odeabank.com.tr","10.224.146.145","2"
"Microsoft","System or Application Event","OBTVM-DRIXCAPP1.odeabank.com.tr","10.224.145.116","2"
"Microsoft","System or Application Event","OBTVM-DRIXSR4.odeabank.com.tr","10.224.145.31","2"
"Microsoft","System or Application Event","OBTVM-DRKKB01.odeabank.com.tr","10.224.146.172","2"
"Microsoft","System or Application Event","OBTVM-DRNAP3.odeabank.com.tr","10.224.155.129","2"
"Microsoft","System or Application Event","OBTVM-DROBTIS11.odeabank.com.tr","10.224.146.109","2"
"Microsoft","System or Application Event","OBTVM-DROCACQ1.odeabank.com.tr","10.224.159.140","2"
"Microsoft","System or Application Event","OBTVM-DROCUI1.odeabank.com.tr","10.224.159.139","2"
"Microsoft","System or Application Event","OBTVM-DRPCSM1.odeabank.com.tr","10.224.146.135","2"
"Microsoft","System or Application Event","OBTVM-DRPCSM3.odeabank.com.tr","10.224.146.137","2"
"Microsoft","System or Application Event","OBTVM-DRPSM01.odeabank.com.tr","10.224.155.121","2"
"Microsoft","System or Application Event","OBTVM-DRPYR2.odeabank.com.tr","10.224.164.47","2"
"Microsoft","System or Application Event","OBTVM-DRSESARA1.odeabank.com.tr","10.224.134.199","2"
"Microsoft","System or Application Event","OBTVM-DRTRM1.odeabank.com.tr","10.224.172.21","2"
"Microsoft","System or Application Event","OBTVM-DRTRM11.odeabank.com.tr","10.224.172.31","2"
"Microsoft","System or Application Event","OBTVM-DRTRM12.odeabank.com.tr","10.224.172.32","2"
"Microsoft","System or Application Event","OBTVM-DRTRM16.odeabank.com.tr","10.224.172.36","2"
"Microsoft","System or Application Event","OBTVM-DRTRM2.odeabank.com.tr","10.224.172.22","2"
"Microsoft","System or Application Event","OBTVM-DRTRM4.odeabank.com.tr","10.224.172.24","2"
"Microsoft","System or Application Event","OBTVM-DRTRM5.odeabank.com.tr","10.224.172.25","2"
"Microsoft","System or Application Event","OBTVM-DRTRM9.odeabank.com.tr","10.224.172.29","2"
"Microsoft","System or Application Event","OBTVM-DRWFM2.odeabank.com.tr","10.224.155.32","2"
"Microsoft","System or Application Event","OBTVM-DSSRV01.odeabank.com.tr","10.224.114.21","2"
"Microsoft","System or Application Event","OBTVM-DTXAPP1.odeabank.com.tr","10.224.58.70","2"
"Microsoft","System or Application Event","OBTVM-DTXUI1.odeabank.com.tr","10.224.96.70","2"
"Microsoft","System or Application Event","OBTVM-DWHDRUI02.odeabank.com.tr","10.224.145.106","2"
"Microsoft","System or Application Event","OBTVM-DWHUI2.odeabank.com.tr","10.224.10.109","2"
"Microsoft","System or Application Event","OBTVM-KKB01.odeabank.com.tr","10.224.15.172","2"
"Microsoft","System or Application Event","OBTVM-OCAPP1.odeabank.com.tr","10.224.113.138","2"
"Microsoft","System or Application Event","OBTVM-OCGW1.odeabank.com.tr","10.224.21.171","2"
"Microsoft","System or Application Event","OBTVM-OCGW2.odeabank.com.tr","10.224.21.172","2"
"Microsoft","System or Application Event","OBTVM-OCLOG2.odeabank.com.tr","10.224.113.143","2"
"Microsoft","System or Application Event","OBTVM-OCUI1.odeabank.com.tr","10.224.113.132","2"
"Microsoft","System or Application Event","OBTVM-ODCA01.odeabank.com.tr","10.224.15.183","2"
"Microsoft","System or Application Event","OBTVM-ODCA02.odeabank.com.tr","10.224.15.184","2"
"Microsoft","System or Application Event","OBTVM-ODCPO1.odeabank.com.tr","10.224.21.186","2"
"Microsoft","System or Application Event","OBTVM-ODCSM1.odeabank.com.tr","10.224.21.185","2"
"Microsoft","System or Application Event","OBTVM-SESARA01.odeabank.com.tr","10.224.32.199","2"
"Microsoft","System or Application Event","OBTVM-SGK1.odeabank.com.tr","10.224.15.38","2"
"Microsoft","System or Application Event","OBTVM-SPB11.odeabank.com.tr","10.224.121.63","2"
"Microsoft","System or Application Event","OBTVM-SQLM1.odeabank.com.tr","10.224.121.28","2"
"Microsoft","System or Application Event","OBTVM-TSTASSET1.odeabank.com.tr","10.224.97.50","2"
"Microsoft","System or Application Event","OBTVM-TSTHNTS2.odeabank.com.tr","10.224.59.171","2"
"Microsoft","System or Application Event","OBTVM-TSTIBFE1.odeabank.com.tr","10.224.22.127","2"
"Microsoft","System or Application Event","OBTVM-TSTINV1.odeabank.com.tr","10.224.115.145","2"
"Microsoft","System or Application Event","OBTVM-TSTIWS1.odeabank.com.tr","10.224.115.195","2"
"Microsoft","System or Application Event","OBTVM-TSTIXGW12.odeabank.com.tr","10.224.22.112","2"
"Microsoft","System or Application Event","OBTVM-TSTKKB21.odeabank.com.tr","10.224.115.61","2"
"Microsoft","System or Application Event","OBTVM-TSTODCA01.odeabank.com.tr","10.224.115.183","2"
"Microsoft","System or Application Event","PCWC03-016.odeabank.com.tr","10.225.209.96","2"
"Microsoft","System or Application Event","PW1010-0021.odeabank.com.tr","10.225.1.150","2"
"Microsoft","System or Application Event","PW1010-0052.odeabank.com.tr","10.225.1.146","2"
"Microsoft","System or Application Event","PW1030-0014.odeabank.com.tr","10.225.4.52","2"
"Microsoft","System or Application Event","PW1030-0018.odeabank.com.tr","10.225.4.186","2"
"Microsoft","System or Application Event","PW1030-0029.odeabank.com.tr","10.225.4.62","2"
"Microsoft","System or Application Event","PW1030-0035.odeabank.com.tr","10.225.4.157","2"
"Microsoft","System or Application Event","PW1040-0010.odeabank.com.tr","10.225.3.182","2"
"Microsoft","System or Application Event","PW1040-0048.odeabank.com.tr","10.225.3.175","2"
"Microsoft","System or Application Event","PW1040-0052.odeabank.com.tr","10.225.3.52","2"
"Microsoft","System or Application Event","PW1050-0038.odeabank.com.tr","10.225.7.99","2"
"Microsoft","System or Application Event","PW1070-0015.odeabank.com.tr","10.225.11.194","2"
"Microsoft","System or Application Event","PW1100-0019.odeabank.com.tr","10.225.39.132","2"
"Microsoft","System or Application Event","PW1110-0018.odeabank.com.tr","10.225.31.74","2"
"Microsoft","System or Application Event","PW1170-0007.odeabank.com.tr","10.225.66.81","2"
"Microsoft","System or Application Event","PW1190-0005.odeabank.com.tr","10.225.27.86","2"
"Microsoft","System or Application Event","PW1210-0007.odeabank.com.tr","10.225.28.70","2"
"Microsoft","System or Application Event","PW1220-0014.odeabank.com.tr","10.225.37.107","2"
"Microsoft","System or Application Event","PW1260-0006.odeabank.com.tr","10.225.43.194","2"
"Microsoft","System or Application Event","PW1290-0016.odeabank.com.tr","10.225.51.153","2"
"Microsoft","System or Application Event","PW2030-0005.odeabank.com.tr","10.225.12.185","2"
"Microsoft","System or Application Event","PW2030-0018.odeabank.com.tr","10.225.12.186","2"
"Microsoft","System or Application Event","PW2030-0021.odeabank.com.tr","10.225.12.167","2"
"Microsoft","System or Application Event","PW2030-0030.odeabank.com.tr","10.225.12.157","2"
"Microsoft","System or Application Event","PW2040-0008.odeabank.com.tr","10.225.16.49","2"
"Microsoft","System or Application Event","PW2050-0012.odeabank.com.tr","10.225.9.182","2"
"Microsoft","System or Application Event","PW2060-0022.odeabank.com.tr","10.225.36.98","2"
"Microsoft","System or Application Event","PW2120-0006.odeabank.com.tr","10.225.25.74","2"
"Microsoft","System or Application Event","PW2180-0009.odeabank.com.tr","10.225.33.111","2"
"Microsoft","System or Application Event","PW2200-0004.odeabank.com.tr","10.225.32.59","2"
"Microsoft","System or Application Event","PW2300-0010.odeabank.com.tr","10.225.53.178","2"
"Microsoft","System or Application Event","PW9019-0020.odeabank.com.tr","10.225.208.97","2"
"Microsoft","System or Application Event","PW9019-0073.odeabank.com.tr","10.225.208.232","2"
"Microsoft","System or Application Event","PW9019-0080.odeabank.com.tr","10.225.208.207","2"
"Microsoft","System or Application Event","PW9019-0096.odeabank.com.tr","10.225.208.24","2"
"Microsoft","System or Application Event","PW9019-0105.odeabank.com.tr","10.225.201.130","2"
"Microsoft","System or Application Event","PW9019-0116.odeabank.com.tr","10.225.208.191","2"
"Microsoft","System or Application Event","PW9019-0192.odeabank.com.tr","10.225.208.228","2"
"Microsoft","System or Application Event","PW9019-0198.odeabank.com.tr","10.225.208.131","2"
"Microsoft","System or Application Event","PW9019-0210.odeabank.com.tr","10.225.208.34","2"
"Microsoft","System or Application Event","PW9019-0212.odeabank.com.tr","10.225.208.201","2"
"Microsoft","System or Application Event","PW9019-0223.odeabank.com.tr","10.225.208.231","2"
"Microsoft","System or Application Event","PW9019-0232.odeabank.com.tr","10.225.208.226","2"
"Microsoft","System or Application Event","PW9019-0260.odeabank.com.tr","10.225.50.132","2"
"Microsoft","System or Application Event","PW9019-0264.odeabank.com.tr","10.225.201.26","2"
"Microsoft","System or Application Event","PW9019-0271.odeabank.com.tr","10.225.208.227","2"
"Microsoft","System or Application Event","PW9019-0302.odeabank.com.tr","10.225.208.44","2"
"Microsoft","System or Application Event","PW9019-0324.odeabank.com.tr","10.225.208.38","2"
"Microsoft","System or Application Event","PW9019-0334.odeabank.com.tr","10.225.208.199","2"
"Microsoft","System or Application Event","PW9019-0336.odeabank.com.tr","10.225.208.219","2"
"Microsoft","System or Application Event","PW9019-0402.odeabank.com.tr","10.225.208.220","2"
"Microsoft","System or Application Event","PW9019-0430.odeabank.com.tr","10.225.208.23","2"
"Microsoft","System or Application Event","PW9019-0441.odeabank.com.tr","10.225.208.244","2"
"Microsoft","System or Application Event","PW9019-0460.odeabank.com.tr","10.225.208.70","2"
"Microsoft","System or Application Event","PW9019-0479.odeabank.com.tr","10.225.208.174","2"
"Microsoft","System or Application Event","PW9019-0490.odeabank.com.tr","10.225.208.125","2"
"Microsoft","System or Application Event","PW9019-0491.odeabank.com.tr","10.225.208.242","2"
"Microsoft","System or Application Event","PW9019-0529.odeabank.com.tr","10.225.208.86","2"
"Microsoft","System or Application Event","PW9019-0551.odeabank.com.tr","10.225.177.69","2"
"Microsoft","System or Application Event","PW9019-0559.odeabank.com.tr","10.225.190.197","2"
"Microsoft","System or Application Event","PW9019-0619.odeabank.com.tr","10.225.207.105","2"
"Microsoft","System or Application Event","PW9019-0933.odeabank.com.tr","10.225.208.107","2"
"Microsoft","System or Application Event","PW9019-0994.odeabank.com.tr","10.225.208.182","2"
"Microsoft","System or Application Event","PWG1210-0001.odeabank.com.tr","10.225.28.83","2"
"Microsoft","System or Application Event","PWG1290-0001.odeabank.com.tr","10.225.51.168","2"
"Microsoft","System or Application Event","PWG2000-0001.odeabank.com.tr","10.225.5.74","2"
"Microsoft","System or Application Event","PWHAZ-0003.odeabank.com.tr","10.225.209.217","2"
"Microsoft","System or Application Event","TD9019-0005.odeabank.com.tr","10.225.211.207","2"
"Microsoft","System or Application Event","obtvm-tstoclog1.odeabank.com.tr","10.224.123.13","2"
"Microsoft","System or Application Event","pw2180-0036.odeabank.com.tr","10.225.33.120","2"
"Microsoft","System or Application Event","pw9019-0401.odeabank.com.tr","10.225.208.160","2"
"Symantec","SEDR","obt-sepedr","10.224.3.198","2"
"Unix","Unix","DRC-EXT-F5.odeabank.com.tr","10.224.147.200","2"
"Unix","Unix","obtvm-grdcoll1","10.224.104.34","2"
"","","obt-grdcol02.odeabank.com.tr","10.224.8.140","1"
"CISCO","CiscoRouter","","10.225.18.3","1"
"CISCO","CiscoRouter","","10.225.25.2","1"
"CISCO","CiscoRouter","","10.225.27.3","1"
"CISCO","CiscoRouter","","10.225.37.3","1"
"CISCO","CiscoRouter","","10.225.39.3","1"
"CISCO","CiscoRouter","","10.225.45.2","1"
"CISCO","CiscoRouter","","10.225.52.2","1"
"CISCO","CiscoRouter","","10.225.52.3","1"
"CISCO","CiscoRouter","","10.225.53.3","1"
"CISCO","CiscoRouter","","10.227.254.11","1"
"CISCO","NX-OS","","10.224.5.76","1"
"F5","Big IP","OBT-F5-Int3.odeabank.com.tr","","1"
"HPE","Aruba Mobility Controller","","10.225.176.68","1"
"HPE","Aruba Mobility Controller","","10.225.180.45","1"
"HPE","Aruba Mobility Controller","","10.225.180.58","1"
"HPE","Aruba Mobility Controller","","10.225.180.62","1"
"HPE","Aruba Mobility Controller","OLV","","1"
"Infoblox","NIOS Threat","dmzns02.odeabank.com.tr","10.224.103.11","1"
"Microsoft","Microsoft Windows","CWA-0191.odeabank.com.tr","10.225.237.42","1"
"Microsoft","Microsoft Windows","CWP-0001.odeabank.com.tr","10.225.236.46","1"
"Microsoft","Microsoft Windows","DSZD1260-01.odeabank.com.tr","10.225.43.232","1"
"Microsoft","Microsoft Windows","L199-MR39HAZ.odeabank.com.tr","10.225.208.169","1"
"Microsoft","Microsoft Windows","OBTVM-DRCWUI01.odeabank.com.tr","10.224.164.131","1"
"Microsoft","Microsoft Windows","OBTVM-TSTBZTFS1.odeabank.com.tr","10.224.115.99","1"
"Microsoft","Microsoft Windows","OBTVM-TSTEXPR1.odeabank.com.tr","10.224.115.141","1"
"Microsoft","Microsoft Windows","OBTVM-TSTHNTU2.odeabank.com.tr","10.224.59.169","1"
"Microsoft","Microsoft Windows","OBTVM-TSTMDY11.odeabank.com.tr","10.224.115.104","1"
"Microsoft","Microsoft Windows","OBTVM-TSTUHAP1.odeabank.com.tr","10.224.59.114","1"
"Microsoft","Microsoft Windows","OBTVM-TSTYTSK1.odeabank.com.tr","10.224.115.89","1"
"Microsoft","Microsoft Windows","PW1020-0007.odeabank.com.tr","10.225.2.102","1"
"Microsoft","Microsoft Windows","PW2200-0010.odeabank.com.tr","10.225.32.58","1"
"Microsoft","Microsoft Windows","PW2320-0008.odeabank.com.tr","10.225.52.158","1"
"Microsoft","Microsoft Windows","PW9019-0073.odeabank.com.tr","10.225.208.232","1"
"Microsoft","Microsoft Windows","PWHAZ-0010.odeabank.com.tr","10.225.209.20","1"
"Microsoft","Microsoft Windows PowerShell","CWA-0117.odeabank.com.tr","10.225.236.114","1"
"Microsoft","Microsoft Windows PowerShell","CWA-0179.odeabank.com.tr","10.225.237.30","1"
"Microsoft","Microsoft Windows PowerShell","DSZD1070-01.odeabank.com.tr","10.225.11.234","1"
"Microsoft","Microsoft Windows PowerShell","PW1070-0020.odeabank.com.tr","10.225.11.157","1"
"Microsoft","Microsoft Windows PowerShell","PW9019-0501.odeabank.com.tr","10.225.208.42","1"
"Microsoft","Microsoft Windows WindowsUpdateClient","PW1000-0001.odeabank.com.tr","10.225.214.212","1"
"Microsoft","Microsoft Windows WindowsUpdateClient","PW9019-0028.odeabank.com.tr","10.225.201.52","1"
"Microsoft","System or Application Event","CW9019-0064.odeabank.com.tr","10.225.236.95","1"
"Microsoft","System or Application Event","CWA-0026.odeabank.com.tr","10.225.236.88","1"
"Microsoft","System or Application Event","CWA-0028.odeabank.com.tr","10.225.237.110","1"
"Microsoft","System or Application Event","CWA-0077.odeabank.com.tr","10.225.237.215","1"
"Microsoft","System or Application Event","CWA-0099.odeabank.com.tr","10.225.236.102","1"
"Microsoft","System or Application Event","CWA-0185.odeabank.com.tr","10.225.237.144","1"
"Microsoft","System or Application Event","CWA-0196.odeabank.com.tr","10.225.237.138","1"
"Microsoft","System or Application Event","CWA-0197.odeabank.com.tr","10.225.237.157","1"
"Microsoft","System or Application Event","DS1280WALL.odeabank.com.tr","10.225.13.198","1"
"Microsoft","System or Application Event","DSBA1010-01.odeabank.com.tr","10.225.1.192","1"
"Microsoft","System or Application Event","DSBA1110-04.odeabank.com.tr","10.225.31.189","1"
"Microsoft","System or Application Event","DSBA1170-02.odeabank.com.tr","10.225.66.198","1"
"Microsoft","System or Application Event","DSBA1210-02.odeabank.com.tr","10.225.28.168","1"
"Microsoft","System or Application Event","DSBA1250-01.odeabank.com.tr","10.225.44.225","1"
"Microsoft","System or Application Event","DSBA1250-02.odeabank.com.tr","10.225.44.230","1"
"Microsoft","System or Application Event","DSBA1280-01.odeabank.com.tr","10.225.13.194","1"
"Microsoft","System or Application Event","DSBA1280-02.odeabank.com.tr","10.225.13.200","1"
"Microsoft","System or Application Event","DSBA2030-03.odeabank.com.tr","10.225.12.229","1"
"Microsoft","System or Application Event","DSBA2040-01.odeabank.com.tr","10.225.16.223","1"
"Microsoft","System or Application Event","DSBA2050-01.odeabank.com.tr","10.225.9.50","1"
"Microsoft","System or Application Event","DSBA2050-03.odeabank.com.tr","10.225.9.187","1"
"Microsoft","System or Application Event","DSBA2160-02.odeabank.com.tr","10.225.21.158","1"
"Microsoft","System or Application Event","DSBA2180-01.odeabank.com.tr","10.225.33.109","1"
"Microsoft","System or Application Event","DSBA2190-01.odeabank.com.tr","10.225.24.227","1"
"Microsoft","System or Application Event","DSBA2200-02.odeabank.com.tr","10.225.32.239","1"
"Microsoft","System or Application Event","DSBA2220-03.odeabank.com.tr","10.225.34.223","1"
"Microsoft","System or Application Event","DSBA2270-01.odeabank.com.tr","10.225.48.99","1"
"Microsoft","System or Application Event","DSDS1020-01.odeabank.com.tr","10.225.36.236","1"
"Microsoft","System or Application Event","DSTE1020-002.odeabank.com.tr","10.225.36.117","1"
"Microsoft","System or Application Event","DSTE1030-02.odeabank.com.tr","10.225.4.187","1"
"Microsoft","System or Application Event","DSTE1050-02.odeabank.com.tr","10.225.7.222","1"
"Microsoft","System or Application Event","DSTE1050-03.odeabank.com.tr","10.225.7.118","1"
"Microsoft","System or Application Event","DSTE1060-02.odeabank.com.tr","10.225.17.221","1"
"Microsoft","System or Application Event","DSTE1070-02.odeabank.com.tr","10.225.11.220","1"
"Microsoft","System or Application Event","DSTE1070-03.odeabank.com.tr","10.225.11.221","1"
"Microsoft","System or Application Event","DSTE1110-01.odeabank.com.tr","10.225.31.126","1"
"Microsoft","System or Application Event","DSTE1120-02.odeabank.com.tr","10.225.38.118","1"
"Microsoft","System or Application Event","DSTE1200-01.odeabank.com.tr","10.225.29.170","1"
"Microsoft","System or Application Event","DSTE1210-02.odeabank.com.tr","10.225.28.235","1"
"Microsoft","System or Application Event","DSTE1220-02.odeabank.com.tr","10.225.37.228","1"
"Microsoft","System or Application Event","DSTE1280-02.odeabank.com.tr","10.225.13.138","1"
"Microsoft","System or Application Event","DSTE2050-03.odeabank.com.tr","10.225.9.228","1"
"Microsoft","System or Application Event","DSTE2120-02.odeabank.com.tr","10.225.25.220","1"
"Microsoft","System or Application Event","DSTE2160-02.odeabank.com.tr","10.225.21.132","1"
"Microsoft","System or Application Event","DSTE2190-01.odeabank.com.tr","10.225.24.195","1"
"Microsoft","System or Application Event","DSTE2240-02.odeabank.com.tr","10.225.42.221","1"
"Microsoft","System or Application Event","DSTE2270-01.odeabank.com.tr","10.225.48.221","1"
"Microsoft","System or Application Event","DSVD1010-01.odeabank.com.tr","10.225.1.228","1"
"Microsoft","System or Application Event","DSVD1170-01.odeabank.com.tr","10.225.66.231","1"
"Microsoft","System or Application Event","DSVP1030-01.odeabank.com.tr","10.225.4.223","1"
"Microsoft","System or Application Event","DSVP1050-01.odeabank.com.tr","10.225.7.194","1"
"Microsoft","System or Application Event","DSVP1100-01.odeabank.com.tr","10.225.39.229","1"
"Microsoft","System or Application Event","DSVP1180-01.odeabank.com.tr","10.225.41.86","1"
"Microsoft","System or Application Event","DSVP1220-01.odeabank.com.tr","10.225.37.226","1"
"Microsoft","System or Application Event","DSVP1250-01.odeabank.com.tr","10.225.44.233","1"
"Microsoft","System or Application Event","DSVP1260-01.odeabank.com.tr","10.225.43.230","1"
"Microsoft","System or Application Event","DSVP1270-01.odeabank.com.tr","10.225.14.51","1"
"Microsoft","System or Application Event","DSVP1290-01.odeabank.com.tr","10.225.51.232","1"
"Microsoft","System or Application Event","DSVP2040-01.odeabank.com.tr","10.225.16.236","1"
"Microsoft","System or Application Event","DSVP2320-01.odeabank.com.tr","10.225.52.232","1"
"Microsoft","System or Application Event","DSWALL2320-01.odeabank.com.tr","10.225.52.37","1"
"Microsoft","System or Application Event","DSWB1200-01.odeabank.com.tr","10.225.29.163","1"
"Microsoft","System or Application Event","DSZD1040-01.odeabank.com.tr","10.225.3.230","1"
"Microsoft","System or Application Event","DSZD1140-01.odeabank.com.tr","10.225.65.230","1"
"Microsoft","System or Application Event","DSZD1170-01.odeabank.com.tr","10.225.66.230","1"
"Microsoft","System or Application Event","DSZD1220-01.odeabank.com.tr","10.225.37.220","1"
"Microsoft","System or Application Event","DSZD1280-01.odeabank.com.tr","10.225.13.53","1"
"Microsoft","System or Application Event","DSZD2000-01.odeabank.com.tr","10.225.5.220","1"
"Microsoft","System or Application Event","DSZD2120-01.odeabank.com.tr","10.225.25.230","1"
"Microsoft","System or Application Event","DSZD2160-01.odeabank.com.tr","10.225.21.233","1"
"Microsoft","System or Application Event","DSZD2170-01.odeabank.com.tr","10.225.18.228","1"
"Microsoft","System or Application Event","DSZD2200-01.odeabank.com.tr","10.225.32.230","1"
"Microsoft","System or Application Event","DSZD2240-01.odeabank.com.tr","10.225.42.230","1"
"Microsoft","System or Application Event","DSZD2290-01.odeabank.com.tr","10.225.50.230","1"
"Microsoft","System or Application Event","FLOORPC-3702.odeabank.com.tr","10.225.184.26","1"
"Microsoft","System or Application Event","FloorPC-3901.odeabank.com.tr","10.225.184.33","1"
"Microsoft","System or Application Event","L199-0004.odeabank.com.tr","10.225.225.148","1"
"Microsoft","System or Application Event","L199-0037.odeabank.com.tr","10.225.225.100","1"
"Microsoft","System or Application Event","L199-MR3601.odeabank.com.tr","10.225.208.209","1"
"Microsoft","System or Application Event","L199-MRBOARDMAC.odeabank.com.tr","10.225.177.99","1"
"Microsoft","System or Application Event","NW-5CG7070MPK.odeabank.com.tr","10.225.208.55","1"
"Microsoft","System or Application Event","NW-5CG7070MQD.odeabank.com.tr","10.225.177.124","1"
"Microsoft","System or Application Event","NW-CNU34696M5.odeabank.com.tr","10.225.178.75","1"
"Microsoft","System or Application Event","NW-CNU4309QHY.odeabank.com.tr","10.225.201.24","1"
"Microsoft","System or Application Event","NW-LR0BQDKU.odeabank.com.tr","10.225.178.62","1"
"Microsoft","System or Application Event","NW-LR0BQDR5.odeabank.com.tr","10.225.178.247","1"
"Microsoft","System or Application Event","NW-LR0BQE3K.odeabank.com.tr","10.225.36.127","1"
"Microsoft","System or Application Event","NW-PF1V538T.odeabank.com.tr","10.225.178.16","1"
"Microsoft","System or Application Event","OBT-CLSSRV1.odeabank.com.tr","10.224.60.77","1"
"Microsoft","System or Application Event","OBT-CLSSRV2.odeabank.com.tr","10.224.60.79","1"
"Microsoft","System or Application Event","OBT-DRCLSANLZ1.odeabank.com.tr","10.224.170.75","1"
"Microsoft","System or Application Event","OBT-DRCSQL11.odeabank.com.tr","10.224.144.71","1"
"Microsoft","System or Application Event","OBT-DRIXBIDB01.odeabank.com.tr","10.224.144.24","1"
"Microsoft","System or Application Event","OBT-DRIXETL01.odeabank.com.tr","10.224.144.40","1"
"Microsoft","System or Application Event","OBT-DRVR1.odeabank.com.tr","10.224.134.230","1"
"Microsoft","System or Application Event","OBT-FS13.odeabank.com.tr","10.224.3.45","1"
"Microsoft","System or Application Event","OBT-HPSQL11.odeabank.com.tr","10.224.120.41","1"
"Microsoft","System or Application Event","OBT-IMZK1.odeabank.com.tr","10.224.15.155","1"
"Microsoft","System or Application Event","OBT-IXBIDB11.odeabank.com.tr","10.224.8.122","1"
"Microsoft","System or Application Event","OBT-IXDMS03.odeabank.com.tr","10.224.8.36","1"
"Microsoft","System or Application Event","OBT-IXTSTBZTDB1.odeabank.com.tr","10.224.108.99","1"
"Microsoft","System or Application Event","OBT-IXTSTETL01.odeabank.com.tr","10.224.8.45","1"
"Microsoft","System or Application Event","OBT-IXTSTIK01.odeabank.com.tr","10.224.15.79","1"
"Microsoft","System or Application Event","OBT-PRNT1.odeabank.com.tr","10.225.183.18","1"
"Microsoft","System or Application Event","OBT-SESDB1.odeabank.com.tr","10.224.109.31","1"
"Microsoft","System or Application Event","OBT-SESREC1.odeabank.com.tr","10.224.60.61","1"
"Microsoft","System or Application Event","OBT-TSTEFT01.odeabank.com.tr","10.224.115.25","1"
"Microsoft","System or Application Event","OBT-VR2.odeabank.com.tr","10.224.32.202","1"
"Microsoft","System or Application Event","OBTVM-ALLOT01.odeabank.com.tr","10.224.105.34","1"
"Microsoft","System or Application Event","OBTVM-ARCSCON1.odeabank.com.tr","10.224.104.25","1"
"Microsoft","System or Application Event","OBTVM-ARCSCON2.odeabank.com.tr","10.224.104.26","1"
"Microsoft","System or Application Event","OBTVM-ARSDSG1.odeabank.com.tr","10.224.58.51","1"
"Microsoft","System or Application Event","OBTVM-ATMD1.odeabank.com.tr","10.224.21.151","1"
"Microsoft","System or Application Event","OBTVM-ATMMON1.odeabank.com.tr","10.224.121.25","1"
"Microsoft","System or Application Event","OBTVM-ATMR2.odeabank.com.tr","10.224.15.92","1"
"Microsoft","System or Application Event","OBTVM-ATMTTS2.odeabank.com.tr","10.224.58.136","1"
"Microsoft","System or Application Event","OBTVM-BGATA02.odeabank.com.tr","10.224.104.120","1"
"Microsoft","System or Application Event","OBTVM-CAPP01.odeabank.com.tr","10.224.15.44","1"
"Microsoft","System or Application Event","OBTVM-CATDM1.odeabank.com.tr","10.224.58.90","1"
"Microsoft","System or Application Event","OBTVM-CERT1.odeabank.com.tr","10.224.3.145","1"
"Microsoft","System or Application Event","OBTVM-CERT2.odeabank.com.tr","10.224.3.146","1"
"Microsoft","System or Application Event","OBTVM-CLSRLY1.odeabank.com.tr","10.224.21.45","1"
"Microsoft","System or Application Event","OBTVM-CMDBAPP1.odeabank.com.tr","10.224.120.31","1"
"Microsoft","System or Application Event","OBTVM-CMDBPRB1.odeabank.com.tr","10.224.120.69","1"
"Microsoft","System or Application Event","OBTVM-CMVIDX1.odeabank.com.tr","10.224.8.93","1"
"Microsoft","System or Application Event","OBTVM-CMVIDX2.odeabank.com.tr","10.224.8.94","1"
"Microsoft","System or Application Event","OBTVM-COUI1.odeabank.com.tr","10.224.15.176","1"
"Microsoft","System or Application Event","OBTVM-DEVERWM1.odeabank.com.tr","10.224.91.111","1"
"Microsoft","System or Application Event","OBTVM-DRCEOD1.odeabank.com.tr","10.224.145.99","1"
"Microsoft","System or Application Event","OBTVM-DRCOUI1.odeabank.com.tr","10.224.146.176","1"
"Microsoft","System or Application Event","OBTVM-DRCWAPP01.odeabank.com.tr","10.224.146.131","1"
"Microsoft","System or Application Event","OBTVM-DRDWHA1.odeabank.com.tr","10.224.145.112","1"
"Microsoft","System or Application Event","OBTVM-DRHSM01.odeabank.com.tr","10.224.159.141","1"
"Microsoft","System or Application Event","OBTVM-DRIBDN1.odeabank.com.tr","10.224.146.126","1"
"Microsoft","System or Application Event","OBTVM-DRIBUI1.odeabank.com.tr","10.224.161.21","1"
"Microsoft","System or Application Event","OBTVM-DRIKWEB1.odeabank.com.tr","10.224.146.121","1"
"Microsoft","System or Application Event","OBTVM-DRIXSR2.odeabank.com.tr","10.224.145.29","1"
"Microsoft","System or Application Event","OBTVM-DRKKNV1.odeabank.com.tr","10.224.146.23","1"
"Microsoft","System or Application Event","OBTVM-DRKKTB1.odeabank.com.tr","10.224.164.71","1"
"Microsoft","System or Application Event","OBTVM-DRNAP1.odeabank.com.tr","10.224.155.19","1"
"Microsoft","System or Application Event","OBTVM-DROCLOG1.odeabank.com.tr","10.224.159.137","1"
"Microsoft","System or Application Event","OBTVM-DRPCSM2.odeabank.com.tr","10.224.146.136","1"
"Microsoft","System or Application Event","OBTVM-DRSP11.odeabank.com.tr","10.224.155.61","1"
"Microsoft","System or Application Event","OBTVM-DRSWTRM1.odeabank.com.tr","10.224.191.131","1"
"Microsoft","System or Application Event","OBTVM-DRSWTRM2.odeabank.com.tr","10.224.191.132","1"
"Microsoft","System or Application Event","OBTVM-DRTRM10.odeabank.com.tr","10.224.172.30","1"
"Microsoft","System or Application Event","OBTVM-DRTRM13.odeabank.com.tr","10.224.172.33","1"
"Microsoft","System or Application Event","OBTVM-DRTRM14.odeabank.com.tr","10.224.172.34","1"
"Microsoft","System or Application Event","OBTVM-DRTRM15.odeabank.com.tr","10.224.172.35","1"
"Microsoft","System or Application Event","OBTVM-DRTRM24.odeabank.com.tr","10.224.172.14","1"
"Microsoft","System or Application Event","OBTVM-DRTRM29.odeabank.com.tr","10.224.172.19","1"
"Microsoft","System or Application Event","OBTVM-DRTRM3.odeabank.com.tr","10.224.172.23","1"
"Microsoft","System or Application Event","OBTVM-DRTRM34.odeabank.com.tr","10.224.172.64","1"
"Microsoft","System or Application Event","OBTVM-DRTRM35.odeabank.com.tr","10.224.172.65","1"
"Microsoft","System or Application Event","OBTVM-DRTRM7.odeabank.com.tr","10.224.172.27","1"
"Microsoft","System or Application Event","OBTVM-DRTRM8.odeabank.com.tr","10.224.172.28","1"
"Microsoft","System or Application Event","OBTVM-DRTTO1.odeabank.com.tr","10.224.164.61","1"
"Microsoft","System or Application Event","OBTVM-DWHA3.odeabank.com.tr","10.224.10.107","1"
"Microsoft","System or Application Event","OBTVM-KKBP1.odeabank.com.tr","10.224.15.84","1"
"Microsoft","System or Application Event","OBTVM-KKBP2.odeabank.com.tr","10.224.21.84","1"
"Microsoft","System or Application Event","OBTVM-KKTB4.odeabank.com.tr","10.224.21.74","1"
"Microsoft","System or Application Event","OBTVM-OCACQ1.odeabank.com.tr","10.224.113.134","1"
"Microsoft","System or Application Event","OBTVM-OCACQ2.odeabank.com.tr","10.224.113.135","1"
"Microsoft","System or Application Event","OBTVM-OCAPP2.odeabank.com.tr","10.224.113.139","1"
"Microsoft","System or Application Event","OBTVM-OCGW3.odeabank.com.tr","10.224.21.173","1"
"Microsoft","System or Application Event","OBTVM-OCGW4.odeabank.com.tr","10.224.21.174","1"
"Microsoft","System or Application Event","OBTVM-ODCRS1.odeabank.com.tr","10.224.21.183","1"
"Microsoft","System or Application Event","OBTVM-OEMMDB1.odeabank.com.tr","10.224.108.91","1"
"Microsoft","System or Application Event","OBTVM-SASAP1.odeabank.com.tr","10.224.58.122","1"
"Microsoft","System or Application Event","OBTVM-SCCMDB1.odeabank.com.tr","10.224.109.20","1"
"Microsoft","System or Application Event","OBTVM-SEP1.odeabank.com.tr","10.224.3.155","1"
"Microsoft","System or Application Event","OBTVM-SEP2.odeabank.com.tr","10.224.128.144","1"
"Microsoft","System or Application Event","OBTVM-SMJIRA1.odeabank.com.tr","10.224.21.44","1"
"Microsoft","System or Application Event","OBTVM-SPCANL2.odeabank.com.tr","10.224.60.55","1"
"Microsoft","System or Application Event","OBTVM-SPCANL3.odeabank.com.tr","10.224.60.56","1"
"Microsoft","System or Application Event","OBTVM-SQLM2.odeabank.com.tr","10.224.121.29","1"
"Microsoft","System or Application Event","OBTVM-TST32BL1.odeabank.com.tr","10.224.115.162","1"
"Microsoft","System or Application Event","OBTVM-TSTASSET2.odeabank.com.tr","10.224.59.50","1"
"Microsoft","System or Application Event","OBTVM-TSTBTOM12.odeabank.com.tr","10.224.115.36","1"
"Microsoft","System or Application Event","OBTVM-TSTDB2008.odeabank.com.tr","10.224.108.25","1"
"Microsoft","System or Application Event","OBTVM-TSTIBDA1.odeabank.com.tr","10.224.115.127","1"
"Microsoft","System or Application Event","OBTVM-TSTIXCUI1.odeabank.com.tr","10.224.107.115","1"
"Microsoft","System or Application Event","OBTVM-TSTIXGW1.odeabank.com.tr","10.224.115.21","1"
"Microsoft","System or Application Event","OBTVM-TSTIXIWT1.odeabank.com.tr","10.224.110.41","1"
"Microsoft","System or Application Event","OBTVM-TSTKKB23.odeabank.com.tr","10.224.115.63","1"
"Microsoft","System or Application Event","OBTVM-TSTNVC2.odeabank.com.tr","10.224.115.124","1"
"Microsoft","System or Application Event","OBTVM-TSTPCSM1.odeabank.com.tr","10.224.115.135","1"
"Microsoft","System or Application Event","OBTVM-TSTPYR1.odeabank.com.tr","10.224.115.46","1"
"Microsoft","System or Application Event","OBTVM-TSTRAA1.odeabank.com.tr","10.224.115.157","1"
"Microsoft","System or Application Event","OBTVM-TSTSGK1.odeabank.com.tr","10.224.115.38","1"
"Microsoft","System or Application Event","OBTVM-TSTW02.odeabank.com.tr","10.224.115.133","1"
"Microsoft","System or Application Event","OMV1OCEMC1.odeabank.com.tr","10.224.36.50","1"
"Microsoft","System or Application Event","PC9019-0462.odeabank.com.tr","10.225.208.222","1"
"Microsoft","System or Application Event","PCWC03-008.odeabank.com.tr","10.211.55.3","1"
"Microsoft","System or Application Event","PCWC04-005.odeabank.com.tr","10.211.55.4","1"
"Microsoft","System or Application Event","PW1000-0038.odeabank.com.tr","10.225.214.153","1"
"Microsoft","System or Application Event","PW1000-0073.odeabank.com.tr","10.225.214.124","1"
"Microsoft","System or Application Event","PW1010-0003.odeabank.com.tr","10.225.1.79","1"
"Microsoft","System or Application Event","PW1050-0005.odeabank.com.tr","10.225.7.142","1"
"Microsoft","System or Application Event","PW1050-0037.odeabank.com.tr","10.225.7.115","1"
"Microsoft","System or Application Event","PW1070-0020.odeabank.com.tr","10.225.11.157","1"
"Microsoft","System or Application Event","PW1110-0007.odeabank.com.tr","10.225.31.137","1"
"Microsoft","System or Application Event","PW1110-0008.odeabank.com.tr","10.225.31.123","1"
"Microsoft","System or Application Event","PW1140-0006.odeabank.com.tr","10.225.65.146","1"
"Microsoft","System or Application Event","PW1170-0006.odeabank.com.tr","10.225.66.104","1"
"Microsoft","System or Application Event","PW1220-0004.odeabank.com.tr","10.225.37.104","1"
"Microsoft","System or Application Event","PW1260-0016.odeabank.com.tr","10.225.43.185","1"
"Microsoft","System or Application Event","PW1270-0007.odeabank.com.tr","10.224.37.170","1"
"Microsoft","System or Application Event","PW1280-0009.odeabank.com.tr","10.225.13.58","1"
"Microsoft","System or Application Event","PW1280-0010.odeabank.com.tr","10.225.13.112","1"
"Microsoft","System or Application Event","PW1290-0014.odeabank.com.tr","10.225.51.70","1"
"Microsoft","System or Application Event","PW2000-0011.odeabank.com.tr","10.225.5.161","1"
"Microsoft","System or Application Event","PW2020-0005.odeabank.com.tr","10.225.8.167","1"
"Microsoft","System or Application Event","PW2030-0028.odeabank.com.tr","10.225.12.149","1"
"Microsoft","System or Application Event","PW2050-0019.odeabank.com.tr","10.225.9.165","1"
"Microsoft","System or Application Event","PW2060-0017.odeabank.com.tr","10.225.36.49","1"
"Microsoft","System or Application Event","PW2060-0030.odeabank.com.tr","10.225.36.42","1"
"Microsoft","System or Application Event","PW2120-0010.odeabank.com.tr","10.225.25.176","1"
"Microsoft","System or Application Event","PW2160-0009.odeabank.com.tr","10.225.21.164","1"
"Microsoft","System or Application Event","PW2170-0005.odeabank.com.tr","10.225.18.146","1"
"Microsoft","System or Application Event","PW2180-0017.odeabank.com.tr","10.225.33.63","1"
"Microsoft","System or Application Event","PW2180-0023.odeabank.com.tr","10.225.33.86","1"
"Microsoft","System or Application Event","PW2240-0013.odeabank.com.tr","10.225.42.112","1"
"Microsoft","System or Application Event","PW2300-WALL.odeabank.com.tr","10.225.53.18","1"
"Microsoft","System or Application Event","PW9019-0007.odeabank.com.tr","10.225.208.47","1"
"Microsoft","System or Application Event","PW9019-0008.odeabank.com.tr","10.225.208.216","1"
"Microsoft","System or Application Event","PW9019-0018.odeabank.com.tr","10.225.208.109","1"
"Microsoft","System or Application Event","PW9019-0042.odeabank.com.tr","10.225.201.61","1"
"Microsoft","System or Application Event","PW9019-0053.odeabank.com.tr","10.225.208.196","1"
"Microsoft","System or Application Event","PW9019-0054.odeabank.com.tr","10.225.207.241","1"
"Microsoft","System or Application Event","PW9019-0064.odeabank.com.tr","10.225.208.186","1"
"Microsoft","System or Application Event","PW9019-0081.odeabank.com.tr","10.225.208.214","1"
"Microsoft","System or Application Event","PW9019-0094.odeabank.com.tr","10.225.208.85","1"
"Microsoft","System or Application Event","PW9019-0095.odeabank.com.tr","10.225.208.45","1"
"Microsoft","System or Application Event","PW9019-0099.odeabank.com.tr","10.225.208.78","1"
"Microsoft","System or Application Event","PW9019-0101.odeabank.com.tr","10.225.208.245","1"
"Microsoft","System or Application Event","PW9019-0171.odeabank.com.tr","10.225.208.67","1"
"Microsoft","System or Application Event","PW9019-0219.odeabank.com.tr","10.225.50.88","1"
"Microsoft","System or Application Event","PW9019-0240.odeabank.com.tr","10.225.208.183","1"
"Microsoft","System or Application Event","PW9019-0241.odeabank.com.tr","10.225.208.32","1"
"Microsoft","System or Application Event","PW9019-0254.odeabank.com.tr","10.225.208.135","1"
"Microsoft","System or Application Event","PW9019-0265.odeabank.com.tr","10.225.208.237","1"
"Microsoft","System or Application Event","PW9019-0270.odeabank.com.tr","10.225.208.99","1"
"Microsoft","System or Application Event","PW9019-0272.odeabank.com.tr","10.225.208.82","1"
"Microsoft","System or Application Event","PW9019-0294.odeabank.com.tr","10.225.208.54","1"
"Microsoft","System or Application Event","PW9019-0295.odeabank.com.tr","10.225.208.218","1"
"Microsoft","System or Application Event","PW9019-0307.odeabank.com.tr","10.225.208.111","1"
"Microsoft","System or Application Event","PW9019-0308.odeabank.com.tr","10.225.208.140","1"
"Microsoft","System or Application Event","PW9019-0311.odeabank.com.tr","10.225.208.118","1"
"Microsoft","System or Application Event","PW9019-0312.odeabank.com.tr","10.225.208.33","1"
"Microsoft","System or Application Event","PW9019-0337.odeabank.com.tr","10.225.176.154","1"
"Microsoft","System or Application Event","PW9019-0344.odeabank.com.tr","10.225.208.195","1"
"Microsoft","System or Application Event","PW9019-0384.odeabank.com.tr","10.225.208.65","1"
"Microsoft","System or Application Event","PW9019-0403.odeabank.com.tr","10.225.190.38","1"
"Microsoft","System or Application Event","PW9019-0407.odeabank.com.tr","10.225.50.55","1"
"Microsoft","System or Application Event","PW9019-0409.odeabank.com.tr","10.225.208.76","1"
"Microsoft","System or Application Event","PW9019-0449.odeabank.com.tr","10.225.208.52","1"
"Microsoft","System or Application Event","PW9019-0498.odeabank.com.tr","10.225.177.9","1"
"Microsoft","System or Application Event","PW9019-0505.odeabank.com.tr","10.225.190.11","1"
"Microsoft","System or Application Event","PW9019-0532.odeabank.com.tr","10.225.208.239","1"
"Microsoft","System or Application Event","PW9019-0553.odeabank.com.tr","10.225.208.20","1"
"Microsoft","System or Application Event","PW9019-1001.odeabank.com.tr","10.225.236.34","1"
"Microsoft","System or Application Event","PW9990-0001.odeabank.com.tr","10.225.236.112","1"
"Microsoft","System or Application Event","PW9990-0006.odeabank.com.tr","10.225.237.222","1"
"Microsoft","System or Application Event","PWG1020-0001.odeabank.com.tr","10.225.2.151","1"
"Microsoft","System or Application Event","PWG1070-0003.odeabank.com.tr","10.225.11.117","1"
"Microsoft","System or Application Event","PWG1110-0001.odeabank.com.tr","10.225.31.87","1"
"Microsoft","System or Application Event","PWG1260-0001.odeabank.com.tr","10.225.43.100","1"
"Microsoft","System or Application Event","PWG2300-0001.odeabank.com.tr","10.225.53.154","1"
"Microsoft","System or Application Event","PWG2310-0002.odeabank.com.tr","10.225.15.81","1"
"Microsoft","System or Application Event","PWHAZ-0008.odeabank.com.tr","10.225.208.161","1"
"Microsoft","System or Application Event","RTRS-0001.odeabank.com.tr","10.225.209.208","1"
"Microsoft","System or Application Event","obtvm-tstocacq1.odeabank.com.tr","10.224.123.12","1"
"Microsoft","System or Application Event","pw9019-0022.odeabank.com.tr","10.225.201.101","1"
"Microsoft","System or Application Event","pw9019-0027.odeabank.com.tr","10.225.208.64","1"
"Microsoft","System or Application Event","pw9019-0319.odeabank.com.tr","10.225.208.96","1"
"Microsoft","System or Application Event","pwg1060-0002.odeabank.com.tr","10.225.17.148","1"
"Unix","auditd","obtvm-lfscon.odeabank.com.tr","10.224.121.145","1"